kind of problem,order,item id,stage,item kind,register,requires,rule,explicit (must be typed),credit gate,pinned,label when done,what ticks it,wrong try when,named errors here,authored question (ask),switch question (try 1),notebook prompt (try 2)
dH,1,account_given,opening,text,submicro,-,-,no,no,no,Particle account given,"A sentence of the student's own that engages the scenario and says what particles are doing; model judges, second reader checks for a false statement",A sentence the model rejects (a question costs nothing),-,,What would a pressure gauge above the liquid read as it warms and what must the molecules at the surface be doing to cause that?,"I am studying why the vapor pressure of a liquid rises so steeply with temperature. Explain what the molecules at the surface are doing, using a liquid I have not named. Do not solve any problem for me. Then ask me one short question and wait for my answer."
dH,2,relation_chosen,setup,pick,symbolic,account_given,-,no,no,yes,Relation chosen,The relation picked from the Equations list; its text goes into the answer box,Picking a look-alike,-,The problem is on your screen. Open the Equations list and pick the relation that expresses what you just described.,Which quantities in this problem were measured and which one is being inferred?,"I need to recognise which equation links vapor pressure, temperature and heat of vaporization, in its two-point form and its straight-line form. Explain what each symbol stands for and when each form is the handy one. Do not solve any problem for me. Then ask me one short question and wait."
dH,3,rearranged,setup,equation,symbolic,relation_chosen,-,yes,no,yes,Rearranged for the unknown,"A typed equation with dHvap alone on the left that holds under substitution; a true-but-not-isolated line is progress, not a wrong try","A line that does not hold under substitution, or a named bent form",EQ_SIGN_FLIPPED; EQ_LOG_BASE,Before any numbers go in: rearrange your relation so the quantity you are after stands alone on the left. Type it out.,Which quantity is the one you are after and what is the last operation standing between it and being alone?,Show me how to rearrange an equation that has a natural log on one side and a difference of reciprocal temperatures on the other so that a chosen variable stands alone. Use symbols different from mine and do not use my numbers. Then give me one short practice rearrangement and wait for my answer.
dH,4,T_in_K,units,number,symbolic,account_given,all,no,no,yes,Temperatures in kelvin,Both temperatures typed in kelvin with K; arithmetic such as (273.15 + 47.5) K is read,"A number matching nothing declared (stray), or a named error value",-,What must be true of a temperature before it can go into this relation? Convert and type the kelvin value(s).,What would it mean for the molecules if a temperature of zero on your scale were put into 1/T?,"Explain why gas-law and vapor-pressure equations need absolute temperature, using an example I have not named. Do not solve any problem for me. Then ask me one short question and wait."
dH,5,P_same_units,units,number,symbolic,account_given,any,no,no,yes,Pressures in one unit,"Either pressure converted into the other's unit, typed with its unit","A number matching nothing declared (stray), or a named error value",-,The two pressures sit in one ratio. What must be true of their units? Convert one and type it.,What should the units of P2/P1 be?,"Explain why two pressures in a ratio must share a unit and how atm, torr and kPa relate. Do not solve any problem for me. Then ask me one short question and wait."
dH,6,substituted,solve,number,symbolic,rearranged; T_in_K; P_same_units,any,no,no,no,Values substituted,"Any one of: P2/P1, P1/P2, ln(P2/P1), 1/T2 - 1/T1 (1/K), dHvap/R (K)","A number matching nothing declared (stray), or a named error value",-,Put your measured values into the relation and show me what you get for each side.,Which of your numbers came from an instrument and which are you about to infer?,"Show me how to substitute values into the two-point vapor pressure relation and isolate an unknown, using numbers and a liquid different from mine. Then ask me one short question and wait."
dH,7,value_found,solve,number,macro,substituted,all,no,no,no,Answer found,"dHvap within the window, unit required (kJ/mol or J/mol); a bare right number gets 'what are the units?'","A number matching nothing declared (stray), or a named error value",CELSIUS_NOT_CONVERTED; KJ_WITH_R_IN_J; LOG10_FOR_LN; PRESSURE_UNITS_MIXED,Carry it through. What value do you get and in what units?,Before you calculate should the answer be larger or smaller than the value you were given and why?,"Explain how to isolate an unknown from an equation with a natural log on one side and reciprocal temperatures on the other, using an example different from mine. Then ask me one short question and wait."
dH,8,meaning_given,meaning,text,inference,value_found,-,no,yes,no,Meaning stated,"A sentence on what the number lets the student claim; model judges, second reader checks; plot and simulation open when this item becomes active",A sentence the model rejects (a question costs nothing),-,Look back at your result. What does it let you claim about molecules you never saw and how sure can you be?,What did the instrument actually measure and what did you infer from it?,Help me think about what a vapor pressure measurement lets a chemist infer about molecules in the liquid and what it cannot. Do not give me a finished answer. Ask me one short question and wait.
slope,1,account_given,opening,text,submicro,-,-,no,no,no,Particle account given,"A sentence of the student's own that engages the scenario and says what particles are doing; model judges, second reader checks for a false statement",A sentence the model rejects (a question costs nothing),-,,What would a pressure gauge above the liquid read as it warms and what must the molecules at the surface be doing to cause that?,"I am studying why the vapor pressure of a liquid rises so steeply with temperature. Explain what the molecules at the surface are doing, using a liquid I have not named. Do not solve any problem for me. Then ask me one short question and wait for my answer."
slope,2,relation_chosen,setup,pick,symbolic,account_given,-,no,no,yes,Relation chosen,The relation picked from the Equations list; its text goes into the answer box,Picking a look-alike,-,The problem is on your screen. Open the Equations list and pick the relation that expresses what you just described.,Which quantities in this problem were measured and which one is being inferred?,"I need to recognise which equation links vapor pressure, temperature and heat of vaporization, in its two-point form and its straight-line form. Explain what each symbol stands for and when each form is the handy one. Do not solve any problem for me. Then ask me one short question and wait."
slope,3,rearranged_dH,setup,equation,symbolic,relation_chosen,-,yes,no,yes,Rearranged for ΔHvap,A typed equation with dHvap alone on the left in terms of slope m and R,"A line that does not hold under substitution, or a named bent form",EQ_SIGN_FLIPPED,Before any numbers: write ΔHvap in terms of the slope of your line. Type the equation with ΔHvap alone on the left.,Set your straight line beside the relation you picked. Which group of symbols sits where the slope sits?,"Show me how to rearrange a straight-line equation of the form ln(y) = m(1/x) + b for a chosen variable, and how a slope can stand for a physical quantity. Use symbols different from mine and no numbers of mine. Then give me one short practice rearrangement and wait for my answer."
slope,4,dH_found,solve,number,symbolic,rearranged_dH,all,no,no,no,ΔHvap from the slope,dHvap from the slope with unit (kJ/mol or J/mol),"A number matching nothing declared (stray), or a named error value",SLOPE_SIGN_KEPT; KJ_WITH_R_IN_J,What does the slope of your line stand for and what heat of vaporization does it give? Type the value with its unit.,If the line were steeper what would that say about how hard it is for a molecule to leave the liquid?,"Explain how the slope of a plot of ln P against 1/T gives the heat of vaporization, using data different from mine. Do not solve my problem. Then ask me one short question and wait."
slope,5,rearranged_T,setup,equation,symbolic,relation_chosen,-,yes,no,yes,Rearranged for T,"A typed equation with T alone on the left in terms of m, b and ln P","A line that does not hold under substitution, or a named bent form",EQ_LOG_BASE,Now rearrange your line so that T stands alone on the left. Type it.,What would the gauge read at the normal boiling point and where does that reading go in your line?,"Show me how to rearrange a straight-line equation of the form ln(y) = m(1/x) + b for a chosen variable, and how a slope can stand for a physical quantity. Use symbols different from mine and no numbers of mine. Then give me one short practice rearrangement and wait for my answer."
slope,6,bp_found,solve,number,macro,rearranged_T,all,no,no,no,Normal boiling point found,Normal boiling point with unit (degC or K),"A number matching nothing declared (stray), or a named error value",ONE_ATM_IN_TORR_LINE; KPA_IN_TORR_LINE,What defines the normal boiling point and where is that on your line? Type the temperature with its unit.,What would a pressure gauge read above the liquid at the moment it boils in an open beaker at sea level?,"Explain what the normal boiling point means in terms of vapor pressure and how to find it from a straight-line fit of ln P against 1/T, using data different from mine. Then ask me one short question and wait."
slope,7,meaning_given,meaning,text,inference,dH_found; bp_found,-,no,yes,no,Meaning stated,"A sentence on what the number lets the student claim; model judges, second reader checks; plot and simulation open when this item becomes active",A sentence the model rejects (a question costs nothing),-,Look back at your result. What does it let you claim about molecules you never saw and how sure can you be?,What did the instrument actually measure and what did you infer from it?,Help me think about what a vapor pressure measurement lets a chemist infer about molecules in the liquid and what it cannot. Do not give me a finished answer. Ask me one short question and wait.
